post_id,content,timestamp,created_at,date,username,platform,scraped_at,url,likes,retweets,is_tariff_related,confidence,tariff_type,countries_mentioned,tariff_percentage,sentiment,key_phrases,explanation,has_tariff_announcement
2025-04-03_5,"Mitch McConnell of Kentucky, Susan Collins of Maine, Lisa Murkowski of Alaska, and Rand Paul, also of Kentucky, will hopefully get on the Republican bandwagon, for a change, and fight the Democrats wild and flagrant push to not penalize Canada for the sale, into our Country, of large amounts of Fentanyl, by Tariffing the value of this horrible and deadly drug in order to make it more costly to distribute and buy. They are playing with the lives of the American people, and right into the hands of the Radical Left Democrats and Drug Cartels. The Senate Bill is just a ploy of the Dems to show and expose the weakness of certain Republicans, namely these four, in that it is not going anywhere because the House will never approve it and I, as your President, will never sign it. Why are they allowing Fentanyl to pour into our Country unchecked, and without penalty. What is wrong with them, other than suffering from Trump Derangement Syndrome, commonly known as TDS? Who can want this to happen to our beautiful families, and why? To the people of the Great States of Kentucky, Alaska, and Maine, please contact these Senators and get them to FINALLY adhere to Republican Values and Ideals. They have been extremely difficult to deal with and, unbelievably disloyal to hardworking Majority Leader John Thune, and the Republican Party itself. MAKE AMERICA GREAT AGAIN!","April 3, 2025, 1:04 PM",2025-04-03T13:04:00,2025-04-03,@realDonaldTrump,Truth Social,2025-10-18T17:17:21.896508,,0,0,True,100,Canada,Canada,,Aggressive,"Tariffing, penalize Canada, Fentanyl, costly to distribute",Explicitly discusses tariffing Canada for Fentanyl sales - clear tariff content,False
2025-04-03_14,"Senator Tim Kaine, who ran against me with Crooked Hillary in 2016, is trying to halt our critical Tariffs on deadly Fentanyl coming in from Canada. We are making progress to end this terrible Fentanyl Crisis, but Republicans in the Senate MUST vote to keep the National Emergency in place, so we can finish the job, and end the scourge. By their weakness, the Democrats have allowed Fentanyl to get out of hand. The Republicans and I have reversed that course, strongly and quickly. Major additional progress is being made. Don‚Äôt let the Democrats have a Victory. It would be devastating for the Republican Party and, far more importantly, for the United States. MAKE AMERICA GREAT AGAIN!","April 3, 2025, 1:04 PM",2025-04-03T13:04:00,2025-04-03,@realDonaldTrump,Truth Social,2025-10-18T17:17:21.896508,,0,0,True,98,Canada,Canada,0,Aggressive,"critical Tariffs, deadly Fentanyl, coming in from Canada, National Emergency",Explicitly mentions tariffs on Canada related to Fentanyl crisis and criticizes Senator Kaine for trying to halt them,False
2025-04-07_4,"Yesterday, China issued Retaliatory Tariffs of 34%, on top of their already record setting Tariffs, Non-Monetary Tariffs, Illegal Subsidization of companies, and massive long term Currency Manipulation, despite my warning that any country that Retaliates against the U.S. by issuing additional Tariffs, above and beyond their already existing long term Tariff abuse of our Nation, will be immediately met with new and substantially higher Tariffs, over and above those initially set. Therefore, if China does not withdraw its 34% increase above their already long term trading abuses by tomorrow, April 8th, 2025, the United States will impose ADDITIONAL Tariffs on China of 50%, effective April 9th. Additionally, all talks with China concerning their requested meetings with us will be terminated! Negotiations with other countries, which have also requested meetings, will begin taking place immediately. Thank you for your attention to this matter!","April 7, 2025, 6:32 PM",2025-04-07T18:32:00,2025-04-07,@realDonaldTrump,Truth Social,2025-10-18T17:17:16.968175,,0,0,True,100,China,China,34%,Aggressive,"Retaliatory Tariffs, 34%, record setting Tariffs, Currency Manipulation, substantially higher Tariffs",Direct discussion of China's 34% retaliatory tariffs and Trump's threat to impose higher tariffs in response - core tariff policy content,True
2025-04-07_10,This is NOT SUSTAINABLE! The United States can't lose $1.9 trillion on trade‚Ä¶,"April 7, 2025, 6:32 PM",2025-04-07T18:32:00,2025-04-07,@realDonaldTrump,Truth Social,2025-10-18T17:17:16.968175,,0,0,True,95,General,,1.9 trillion,Aggressive,"trade deficit, not sustainable","Directly references $1.9 trillion trade loss/deficit, core tariff policy justification",False
2025-04-07_12,"Countries from all over the World are talking to us. Tough but fair parameters are being set. Spoke to the Japanese Prime Minister this morning. He is sending a top team to negotiate! They have treated the U.S. very poorly on Trade. They don‚Äôt take our cars, but we take MILLIONS of theirs. Likewise Agriculture, and many other ‚Äúthings.‚Äù It all has to change, but especially with CHINA!!!","April 7, 2025, 6:32 PM",2025-04-07T18:32:00,2025-04-07,@realDonaldTrump,Truth Social,2025-10-18T17:17:16.968175,,0,0,True,100,General,"Japan, China",,Aggressive,"negotiate, treated poorly on trade, don't take our cars, has to change","Explicit trade negotiation discussion with Japan, mentions trade imbalances in cars and agriculture, calls out China",False
2025-04-07_14,"Oil prices are down, interest rates are down (the slow moving Fed should cut rates!), food prices are down, there is NO INFLATION, and the long time abused USA is bringing in Billions of Dollars a week from the abusing countries on Tariffs that are already in place. This is despite the fact that the biggest abuser of them all, China, whose markets are crashing, just raised its Tariffs by 34%, on top of its long term ridiculously high Tariffs (Plus!), not acknowledging my warning for abusing countries not to retaliate. They‚Äôve made enough, for decades, taking advantage of the Good OL‚Äô USA! Our past ‚Äúleaders‚Äù are to blame for allowing this, and so much else, to happen to our Country. MAKE AMERICA GREAT AGAIN!","April 7, 2025, 6:32 PM",2025-04-07T18:32:00,2025-04-07,@realDonaldTrump,Truth Social,2025-10-18T17:17:16.968175,,0,0,True,100,China,China,34%,Aggressive,"tariffs, billions of dollars, abusing countries, China raised tariffs 34%","Explicit tariff discussion, mentions billions from tariffs, China's 34% tariff increase, calls countries ""abusers""",False
2025-04-07_17,"China has been hit much harder than the USA, not even close. They, and many other nations, have treated us unsustainably badly. We have been the dumb and helpless ‚Äúwhipping post,‚Äù but not any longer. We are bringing back jobs and businesses like never before. Already, more than FIVE TRILLION DOLLARS OF INVESTMENT, and rising fast! THIS IS AN ECONOMIC REVOLUTION, AND WE WILL WIN. HANG TOUGH, it won‚Äôt be easy, but the end result will be historic. We will, MAKE AMERICA GREAT AGAIN!!!","April 7, 2025, 6:32 PM",2025-04-07T18:32:00,2025-04-07,@realDonaldTrump,Truth Social,2025-10-18T17:17:16.968175,,0,0,True,100,China,China,,Aggressive,"China hit harder, treated us badly, whipping post, bringing back jobs","Discusses impact of tariffs on China, trade retaliation, economic effects, investment claims",False
2025-04-11_6,"Mexico OWES Texas 1.3 million acre-feet of water under the 1944 Water Treaty, but Mexico is unfortunately violating their Treaty obligation. This is very unfair, and it is hurting South Texas Farmers very badly. Last year, the only Sugar Mill in Texas CLOSED, because Mexico has been stealing the water from Texas Farmers. Ted Cruz has been leading the fight to get South Texas the water it is owed, but Sleepy Joe refused to lift a finger to help the Farmers.THAT ENDS NOW! I will make sure Mexico doesn‚Äôt violate our Treaties, and doesn‚Äôt hurt our Texas Farmers. Just last month, I halted water shipments to Tijuana until Mexico complies with the 1944 Water Treaty. My Agriculture Secretary, Brooke Rollins, is standing up for Texas Farmers, and we will keep escalating consequences, including TARIFFS and, maybe even SANCTIONS, until Mexico honors the Treaty, and GIVES TEXAS THE WATER THEY ARE OWED!","April 11, 2025, 12:19 PM",2025-04-11T12:19:00,2025-04-11,@realDonaldTrump,Truth Social,2025-10-18T17:17:11.114877,,0,0,True,75,Mexico,Mexico,,Aggressive,"1944 Water Treaty, violating Treaty obligation, unfair, hurting South Texas Farmers, Mexico stealing water","Water treaty dispute with Mexico that could involve trade/tariff leverage, mentions unfair treatment and treaty violations which often connect to trade policy",False
2025-04-11_20,"Based on the lack of respect that China has shown to the World‚Äôs Markets, I am hereby raising the Tariff charged to China by the United States of America to 125%, effective immediately. At some point, hopefully in the near future, China will realize that the days of ripping off the U.S.A., and other Countries, is no longer sustainable or acceptable. Conversely, and based on the fact that more than 75 Countries have called Representatives of the United States, including the Departments of Commerce, Treasury, and the USTR, to negotiate a solution to the subjects being discussed relative to Trade, Trade Barriers, Tariffs, Currency Manipulation, and Non Monetary Tariffs, and that these Countries have not, at my strong suggestion, retaliated in any way, shape, or form against the United States, I have authorized a 90 day PAUSE, and a substantially lowered Reciprocal Tariff during this period, of 10%, also effective immediately. Thank you for your attention to this matter!","April 11, 2025, 12:19 PM",2025-04-11T12:19:00,2025-04-11,@realDonaldTrump,Truth Social,2025-10-18T17:17:11.114877,,0,0,True,100,China,China,125%,Aggressive,"raising the Tariff, 125%, ripping off the U.S.A., lack of respect, World's Markets","Explicitly announces raising tariffs on China to 125% effective immediately, citing unfair trade practices",False
2025-04-25_2,"Boeing should default China for not taking the beautifully finished planes that China committed to purchase. This is just a small example of what China has done to the USA, for years‚Ä¶ And, by the way, Fentanyl continues to pour into our Country from China, through Mexico and Canada, killing hundreds of thousands of our people, and it better stop, NOW!","April 25, 2025, 6:09 AM",2025-04-25T06:09:00,2025-04-25,@realDonaldTrump,Truth Social,2025-10-18T17:16:52.509266,,0,0,True,90,China,China,,Aggressive,"China committed to purchase, what China has done to the USA, Fentanyl continues to pour","References China's failure to honor purchase commitments (Boeing planes) as example of unfair trade practices, though doesn't explicitly mention tariffs; includes trade grievances about China's treatment of USA",False
2025-04-25_26,"NON-TARIFF CHEATING:1. Currency Manipulation2. VATs which act as tariffs and export subsidies3. Dumping Below Cost4. Export Subsidies and Other Govt. Subsidies5. Protective Agricultural Standards (e.g., no genetically engineered corn in EU)6. Protective Technical Standards (Japan‚Äôs bowling ball test)7. Counterfeiting, Piracy, and IP Theft (Over $1 trillion a year)8. Transshipping to EVADE Tariffs!!!","April 25, 2025, 6:09 AM",2025-04-25T06:09:00,2025-04-25,@realDonaldTrump,Truth Social,2025-10-18T17:16:52.509266,,0,0,True,100,General,,Multiple percentages implied,Aggressive,"NON-TARIFF CHEATING, Currency Manipulation, VATs, Dumping Below Cost, Export Subsidies, IP Theft, Transshipping to EVADE Tariffs","Explicitly lists non-tariff trade barriers and unfair trade practices including currency manipulation, VATs, dumping, subsidies, and IP theft",False
2025-04-25_27,"Since our announcement of LIBERATION DAY, many World Leaders and Business Executives have come to me asking for relief from Tariffs. It‚Äôs good to see that the World knows we are serious, because WE ARE! They must right the wrongs of decades of abuse, but it won‚Äôt be easy for them. We must rebuild the Wealth of our Great Country, and create true RECIPROCITY. But for those who want the easiest path: Come to America, and build in America!","April 25, 2025, 6:09 AM",2025-04-25T06:09:00,2025-04-25,@realDonaldTrump,Truth Social,2025-10-18T17:16:52.509266,,0,0,True,100,General,,Not specified,Aggressive,"LIBERATION DAY, relief from Tariffs, decades of abuse, RECIPROCITY, Come to America and build in America","Directly discusses tariffs, mentions Liberation Day, reciprocal trade policy, and encourages foreign companies to manufacture in America to avoid tariffs",True
2025-05-01_2,"ALERT: All purchases of Iranian Oil, or Petrochemical products, must stop, NOW! Any Country or person who buys ANY AMOUNT of OIL or PETROCHEMICALS from Iran will be subject to, immediately, Secondary Sanctions. They will not be allowed to do business with the United States of America in any way, shape, or form. Thank you for your attention to this matter, PRESIDENT DONALD J. TRUMP","May 1, 2025, 10:34 PM",2025-05-01T22:34:00,2025-05-01,@realDonaldTrump,Truth Social,2025-10-18T17:18:23.457437,,0,0,True,85,General,Iran,None,Aggressive,"Secondary Sanctions, not be allowed to do business with the United States, Iranian Oil, Petrochemical products","Imposes secondary sanctions on countries/entities buying Iranian oil, which is a trade restriction mechanism closely related to tariff policy - blocking business access to US markets",False
2025-05-08_25,"I look forward to meeting the new Prime Minister of Canada, Mark Carney. I very much want to work with him, but cannot understand one simple TRUTH ‚Äî Why is America subsidizing Canada by $200 Billion Dollars a year, in addition to giving them FREE Military Protection, and many other things? We don‚Äôt need their Cars, we don‚Äôt need their Energy, we don‚Äôt need their Lumber, we don‚Äôt need ANYTHING they have, other than their friendship, which hopefully we will always maintain. They, on the other hand, need EVERYTHING from us! The Prime Minister will be arriving shortly and that will be, most likely, my only question of consequence.","May 8, 2025, 6:31 AM",2025-05-08T06:31:00,2025-05-08,@realDonaldTrump,Truth Social,2025-10-18T17:18:14.036766,,0,0,True,90,General,Canada,,Aggressive,"subsidizing Canada by $200 Billion Dollars, don't need their Cars, don't need their Energy, don't need their Lumber","Strong trade-related rhetoric about trade imbalance with Canada, threatening tone about not needing Canadian goods, implies potential tariff/trade action",False
2025-05-10_10,"I just watched an exhausted, highly neurotic Stephanie Ruhle spew LIES about Tariffs, as do many others, in order not to give me the Victory that they all see coming. Few people know Stephanie Ruhle, but I do, and she doesn‚Äôt have what it takes. Our Deal with the United Kingdom yesterday was AMAZING for both Countries and, in addition to everything else, British Airways just ordered $10 Billion Dollars worth of new Boeing planes. We‚Äôre going to make a fortune with Tariffs, only smart people understand that, and Stephanie was never known as a ‚ÄúHigh IQ‚Äù person. MSDNC has become the Voice of the Democrat Party, and they should be treated as a Political Advocate with all of the Taxes and Penalties therefrom. Their Ratings are terrible, but Brian Roberts and his crew should be forced to TELL THE TRUTH. MAKE AMERICA GREAT AGAIN!","May 10, 2025, 7:12 PM",2025-05-10T19:12:00,2025-05-10,@realDonaldTrump,Truth Social,2025-10-18T17:18:07.903155,,0,0,True,95,General,United Kingdom,empty,Aggressive,"Tariffs, Deal with the United Kingdom, make a fortune with Tariffs, Boeing planes order","Direct discussion of tariffs as policy tool, mentions UK trade deal and explicitly states ""We're going to make a fortune with Tariffs""",False
2025-05-10_11,"I highly recommend Keith Poole, who is the very successful Editor-in-Chief of the New York Post, to take over the entire operation of the highly inaccurate, ‚ÄúChina Centric,‚Äù Wall Street Journal. It‚Äôs an easy move for Rupert, and he‚Äôll love the results. Such a change would be a GREAT DAY for America, but not a Great Day for China!","May 10, 2025, 7:12 PM",2025-05-10T19:12:00,2025-05-10,@realDonaldTrump,Truth Social,2025-10-18T17:18:07.903155,,0,0,True,70,China,China,empty,Aggressive,"China Centric, Wall Street Journal, not a Great Day for China","Indirect trade reference focusing on media bias toward China in trade coverage, implies trade conflict context",False
2025-05-10_16,CHINA SHOULD OPEN UP ITS MARKET TO USA ‚Äî WOULD BE SO GOOD FOR THEM!!! CLOSED MARKETS DON‚ÄôT WORK ANYMORE!!!,"May 10, 2025, 7:12 PM",2025-05-10T19:12:00,2025-05-10,@realDonaldTrump,Truth Social,2025-10-18T17:18:07.903155,,0,0,True,100,China,"China, USA",empty,Aggressive,"CHINA SHOULD OPEN UP ITS MARKET, CLOSED MARKETS DON'T WORK","Direct reference to trade barriers and market access issues with China, core trade policy content",False
2025-05-17_0,"Walmart should STOP trying to blame Tariffs as the reason for raising prices throughout the chain. Walmart made BILLIONS OF DOLLARS last year, far more than expected. Between Walmart and China they should, as is said, ‚ÄúEAT THE TARIFFS,‚Äù and not charge valued customers ANYTHING. I‚Äôll be watching, and so will your customers!!!","May 17, 2025, 10:27 AM",2025-05-17T10:27:00,2025-05-17,@realDonaldTrump,Truth Social,2025-10-18T17:17:49.424374,,0,0,True,100,China,China,,Aggressive,"Walmart, blame Tariffs, raising prices, China, EAT THE TARIFFS","Directly addresses tariffs, specifically telling Walmart and China to absorb tariff costs rather than passing them to customers",False
2025-05-19_14,"Walmart should STOP trying to blame Tariffs as the reason for raising prices throughout the chain. Walmart made BILLIONS OF DOLLARS last year, far more than expected. Between Walmart and China they should, as is said, ‚ÄúEAT THE TARIFFS,‚Äù and not charge valued customers ANYTHING. I‚Äôll be watching, and so will your customers!!!üá∫üá∏ Mike Davis üá∫üá∏@mrddmia¬∑May 17, 2025, 9:45 AMLet‚Äôs get this straight:Obama can drone strikes Americans.But Trump can‚Äôt repel foreign terrorists.Biden can import over 10 million illegal aliens.But Trump can‚Äôt send them home without years of court process.The American people never agreed to this.Not at our founding.Not after the Civil War.Not anytime since then.Certainly not in the last election.The Supreme Court is heading down a perilous path.","May 19, 2025, 5:40 PM",2025-05-19T17:40:00,2025-05-19,@realDonaldTrump,Truth Social,2025-10-18T17:17:49.365093,,0,0,True,95,China,China,None,Aggressive,"Tariffs, EAT THE TARIFFS, Walmart, China, raising prices","Trump directly discusses tariffs, blaming Walmart for using them as excuse to raise prices and demanding Walmart and China absorb tariff costs",False
2025-05-25_6,"The European Union, which was formed for the primary purpose of taking advantage of the United States on TRADE, has been very difficult to deal with. Their powerful Trade Barriers, Vat Taxes, ridiculous Corporate Penalties, Non-Monetary Trade Barriers, Monetary Manipulations, unfair and unjustified lawsuits against Americans Companies, and more, have led to a Trade Deficit with the U.S. of more than $250,000,000 a year, a number which is totally unacceptable. Our discussions with them are going nowhere! Therefore, I am recommending a straight 50% Tariff on the European Union, starting on June 1, 2025. There is no Tariff if the product is built or manufactured in the United States. Thank you for your attention to this matter!","May 25, 2025, 10:57 AM",2025-05-25T10:57:00,2025-05-25,@realDonaldTrump,Truth Social,2025-10-18T17:17:43.387613,,0,0,True,98,EU,European Union,None,Aggressive,"Trade Barriers, Vat Taxes, Trade Deficit, unfair trade, Monetary Manipulations, Non-Monetary Trade Barriers","Explicitly discusses EU trade practices, barriers, and $250B trade deficit - clear tariff/trade policy content",False
2025-05-25_7,"I have long ago informed Tim Cook of Apple that I expect their iPhone‚Äôs that will be sold in the United States of America will be manufactured and built in the United States, not India, or anyplace else. If that is not the case, a Tariff of at least 25% must be paid by Apple to the U.S. Thank your for your attention to this matter!","May 25, 2025, 10:57 AM",2025-05-25T10:57:00,2025-05-25,@realDonaldTrump,Truth Social,2025-10-18T17:17:43.387613,,0,0,True,95,General,"United States, India",25%,Aggressive,"Tariff of at least 25%, manufactured and built in the United States, Apple iPhone",Direct threat of 25% tariff on Apple if iPhones sold in US are not manufactured domestically,False
2025-05-28_14,"I was extremely satisfied with the 50% Tariff allotment on the European Union, especially since they were ‚Äúslow walking (to put it mildly!), our negotiations with them. Remember, I am empowered to ‚ÄúSET A DEAL‚Äù for Trade into the United States if we are unable to make a deal, or are treated unfairly. I have just been informed that the E.U. has called to quickly establish meeting dates. This is a positive event, and I hope that they will, FINALLY, like my same demand to China, open up the European Nations for Trade with the United States of America. They will BOTH be very happy, and successful, if they do!!!","May 28, 2025, 4:55 PM",2025-05-28T16:55:00,2025-05-28,@realDonaldTrump,Truth Social,2025-10-18T17:17:37.342866,,0,0,True,100,EU,European Union,50%,Aggressive,"50% Tariff allotment, European Union, slow walking negotiations, SET A DEAL, treated unfairly, open up the European",Explicitly discusses 50% tariff on EU and trade negotiations with direct mention of tariff percentage and trade deal demands,False
2025-05-31_8,We don‚Äôt want America‚Äôs future to be built with shoddy steel from Shanghai‚Äîwe want it built with the strength and the pride of Pittsburgh!,"May 31, 2025, 10:06 PM",2025-05-31T22:06:00,2025-05-31,@realDonaldTrump,Truth Social,2025-10-18T17:17:31.155789,,0,0,True,90,China,China,,Aggressive,"shoddy steel from Shanghai, built with pride of Pittsburgh","Clear reference to preferring American steel over Chinese imports, implying trade protectionism against Chinese steel",False
2025-05-31_11,"It is my great honor to raise the Tariffs on steel and aluminum from 25% to 50%, effective Wednesday, June 4th. Our steel and aluminum industries are coming back like never before. This will be yet another BIG jolt of great news for our wonderful steel and aluminum workers. MAKE AMERICA GREAT AGAIN!","May 31, 2025, 10:06 PM",2025-05-31T22:06:00,2025-05-31,@realDonaldTrump,Truth Social,2025-10-18T17:17:31.155789,,0,0,True,100,General,None,25% to 50%,Aggressive,"raise the Tariffs, steel and aluminum, 25% to 50%, effective Wednesday June 4th","Explicitly announces tariff increase on steel and aluminum from 25% to 50%, with specific effective date and industry focus.",False
2025-05-31_23,"The U.S. Court of International Trade incredibly ruled against the United States of America on desperately needed Tariffs but, fortunately, the full 11 Judge Panel on the U.S. Court of Appeals for the Federal Circuit Court has just stayed the order by the Manhattan-based Court of International Trade. Where do these initial three Judges come from? How is it possible for them to have potentially done such damage to the United States of America? Is it purely a hatred of ‚ÄúTRUMP?‚Äù What other reason could it be? I was new to Washington, and it was suggested that I use The Federalist Society as a recommending source on Judges. I did so, openly and freely, but then realized that they were under the thumb of a real ‚Äúsleazebag‚Äù named Leonard Leo, a bad person who, in his own way, probably hates America, and obviously has his own separate ambitions. He openly brags how he controls Judges, and even Justices of the United States Supreme Court ‚Äî I hope that is not so, and don‚Äôt believe it is! In any event, Leo left The Federalist Society to do his own ‚Äúthing.‚Äù I am so disappointed in The Federalist Society because of the bad advice they gave me on numerous Judicial Nominations. This is something that cannot be forgotten! With all of that being said, I am very proud of many of our picks, but very disappointed in others. They always must do what‚Äôs right for the Country! In this case, it is only because of my successful use of Tariffs that many Trillions of Dollars have already begun pouring into the U.S.A. from other Countries, money that, without these Tariffs, we would not be able to get. It is the difference between having a rich, prosperous, and successful United States of America, and quite the opposite. The ruling by the U.S. Court of International Trade is so wrong, and so political! Hopefully, the Supreme Court will reverse this horrible, Country threatening decision, QUICKLY and DECISIVELY. Backroom ‚Äúhustlers‚Äù must not be allowed to destroy our Nation! The horrific decision stated that I would have to get the approval of Congress for these Tariffs. In other words, hundreds of politicians would sit around D.C. for weeks, and even months, trying to come to a conclusion as to what to charge other Countries that are treating us unfairly. If allowed to stand, this would completely destroy Presidential Power ‚Äî The Presidency would never be the same! This decision is being hailed all over the World by every Country, other than the United States of America. Radical Left Judges, together with some very bad people, are destroying America. Under this decision, Trillions of Dollars would be lost by our Country, money that will, MAKE AMERICA GREAT AGAIN. It would be the harshest financial ruling ever leveled on us as a Sovereign Nation. The President of the United States must be allowed to protect America against those that are doing it Economic and Financial harm. Thank you for your attention to this matter!","May 31, 2025, 10:06 PM",2025-05-31T22:06:00,2025-05-31,@realDonaldTrump,Truth Social,2025-10-18T17:17:31.155789,,0,0,True,100,General,,100,Aggressive,"Court of International Trade, desperately needed Tariffs, ruled against the United States, U.S. Court of Appeals stayed the order",This tweet directly discusses tariffs and a legal battle over their implementation. Trump discusses court rulings on tariffs and expresses frustration with judges who ruled against tariff policies.,False
2025-06-28_9,"We have just been informed that Canada, a very difficult Country to TRADE with, including the fact that they have charged our Farmers as much as 400% Tariffs, for years, on Dairy Products, has just announced that they are putting a Digital Services Tax on our American Technology Companies, which is a direct and blatant attack on our Country. They are obviously copying the European Union, which has done the same thing, and is currently under discussion with us, also. Based on this egregious Tax, we are hereby terminating ALL discussions on Trade with Canada, effective immediately. We will let Canada know the Tariff that they will be paying to do business with the United States of America within the next seven day period. Thank you for your attention to this matter!","June 28, 2025, 7:53 AM",2025-06-28T07:53:00,2025-06-28,@realDonaldTrump,Truth Social,2025-10-18T17:18:38.935488,,0,0,True,100,Canada,"Canada, European Union",400%,Aggressive,"difficult Country to TRADE with, 400% Tariffs, Dairy Products, Digital Services Tax, egregious Tax","Direct discussion of Canadian tariffs on dairy (400%) and digital services tax, with comparison to EU trade issues",True
2025-06-30_3,"To show people how spoiled Countries have become with respect to the United States of America, and I have great respect for Japan, they won‚Äôt take our RICE, and yet they have a massive rice shortage. In other words, we‚Äôll just be sending them a letter, and we love having them as a Trading Partner for many years to come.","June 30, 2025, 7:27 PM",2025-06-30T19:27:00,2025-06-30,@realDonaldTrump,Truth Social,2025-10-18T17:18:32.802099,,0,0,True,85,General,"Japan, United States",empty,Aggressive,"rice shortage, Trading Partner, won't take our RICE, spoiled Countries",Clear reference to trade barriers where Japan refuses US rice imports despite having a rice shortage. This is about non-tariff trade barriers and unfair trade practices.,False
2025-07-07_1,"Any Country aligning themselves with the Anti-American policies of BRICS, will be charged an ADDITIONAL 10% Tariff. There will be no exceptions to this policy. Thank you for your attention to this matter!","July 7, 2025, 6:37 PM",2025-07-07T18:37:00,2025-07-07,@realDonaldTrump,Truth Social,2025-10-18T17:20:20.486421,,0,0,True,100,BRICS,BRICS countries,10%,Aggressive,"BRICS, ADDITIONAL 10% Tariff, Anti-American policies, no exceptions",Explicitly announces 10% additional tariff on any country aligning with BRICS policies - clear tariff policy statement,False
2025-07-08_0,"As per letters sent to various countries yesterday, in addition to letters that will be sent today, tomorrow, and for the next short period of time, TARIFFS WILL START BEING PAID ON AUGUST 1, 2025. There has been no change to this date, and there will be no change. In other words, all money will be due and payable starting AUGUST 1, 2025 - No extensions will be granted. Thank you for your attention to this matter!","July 8, 2025, 10:45 AM",2025-07-08T10:45:00,2025-07-08,@realDonaldTrump,Truth Social,2025-10-18T17:20:14.393229,,0,0,True,100,General,,100%,Aggressive,"TARIFFS WILL START BEING PAID, AUGUST 1 2025, no change to this date, no extensions will be granted, letters sent to various countries","Direct announcement of tariff implementation deadline with emphatic language about no extensions or changes to August 1, 2025 start date",False
2025-07-11_13,"I am announcing a 50% TARIFF on Copper, effective August 1, 2025, after receiving a robust NATIONAL SECURITY ASSESSMENT. Copper is necessary for Semiconductors, Aircraft, Ships, Ammunition, Data Centers, Lithium-ion Batteries, Radar Systems, Missile Defense Systems, and even, Hypersonic Weapons, of which we are building many. Copper is the second most used material by the Department of Defense! Why did our foolish (and SLEEPY!) ‚ÄúLeaders‚Äù decimate this important Industry? This 50% TARIFF will reverse the Biden Administration‚Äôs thoughtless behavior, and stupidity. America will, once again, build a DOMINANT Copper Industry. THIS IS, AFTER ALL, OUR GOLDEN AGE!","July 11, 2025, 4:01 PM",2025-07-11T16:01:00,2025-07-11,@realDonaldTrump,Truth Social,2025-10-18T17:20:14.335282,,0,0,True,100,General,,50%,Aggressive,"50% tariff on copper, national security assessment, revive industry","Announces specific 50% tariff on copper imports effective August 1, 2025, justified by national security concerns for defense and semiconductor industries",True
2025-07-11_21,"RT @realDonaldTrumpAny Country aligning themselves with the Anti-American policies of BRICS, will be charged an ADDITIONAL 10% Tariff. There will be no exceptions to this policy. Thank you for your attention to this matter!","July 11, 2025, 4:01 PM",2025-07-11T16:01:00,2025-07-11,@realDonaldTrump,Truth Social,2025-10-18T17:20:14.335282,,0,0,True,100,BRICS,BRICS countries,10%,Aggressive,"ADDITIONAL 10% Tariff, Anti-American policies of BRICS, no exceptions",Explicitly announces 10% additional tariff on any country aligning with BRICS policies. Clear tariff threat with specific percentage.,False
2025-07-23_2,"I WILL ONLY LOWER TARIFFS IF A COUNTRY AGREES TO OPEN ITS MARKET. IF NOT, MUCH HIGHER TARIFFS! Japan‚Äôs Markets are now OPEN (for first time ever!). USA BUSINESSES WILL BOOM!","July 23, 2025, 8:13 PM",2025-07-23T20:13:00,2025-07-23,@realDonaldTrump,Truth Social,2025-10-18T17:19:50.040445,,0,0,True,100,General,Japan,,Aggressive,"LOWER TARIFFS, OPEN ITS MARKET, MUCH HIGHER TARIFFS, Japan's Markets are now OPEN","Explicitly states tariff policy conditional on market access, threatens higher tariffs",False
2025-07-31_16,Wow! Canada has just announced that it is backing statehood for Palestine. That will make it very hard for us to make a Trade Deal with them. Oh‚Äô Canada!!!,"July 31, 2025, 10:59 PM",2025-07-31T22:59:00,2025-07-31,@realDonaldTrump,Truth Social,2025-10-18T17:19:31.838141,,0,0,True,85,General,Canada,,Aggressive,"backing statehood for Palestine, make a Trade Deal, Oh' Canada","References difficulty making a trade deal with Canada due to their political position, indicating trade policy as leverage.",True
2025-07-31_17,"I don‚Äôt care what India does with Russia. They can take their dead economies down together, for all I care. We have done very little business with India, their Tariffs are too high, among the highest in the World. Likewise, Russia and the USA do almost no business together. Let‚Äôs keep it that way, and tell Medvedev, the failed former President of Russia, who thinks he‚Äôs still President, to watch his words. He‚Äôs entering very dangerous territory!","July 31, 2025, 10:59 PM",2025-07-31T22:59:00,2025-07-31,@realDonaldTrump,Truth Social,2025-10-18T17:19:31.838141,,0,0,True,95,General,"India, Russia",,Aggressive,"Tariffs are too high, among the highest in the World, done very little business",Directly mentions India's high tariffs as a barrier to business and discusses trade relationships with both India and Russia.,False
2025-07-31_24,"Remember, while India is our friend, we have, over the years, done relatively little business with them because their Tariffs are far too high, among the highest in the World, and they have the most strenuous and obnoxious non-monetary Trade Barriers of any Country. Also, they have always bought a vast majority of their military equipment from Russia, and are Russia‚Äôs largest buyer of ENERGY, along with China, at a time when everyone wants Russia to STOP THE KILLING IN UKRAINE ‚Äî ALL THINGS NOT GOOD! INDIA WILL THEREFORE BE PAYING A TARIFF OF 25%, PLUS A PENALTY FOR THE ABOVE, STARTING ON AUGUST FIRST. THANK YOU FOR YOUR ATTENTION TO THIS MATTER. MAGA!","July 31, 2025, 10:59 PM",2025-07-31T22:59:00,2025-07-31,@realDonaldTrump,Truth Social,2025-10-18T17:19:31.838141,,0,0,True,95,General,"India, Russia, China, Ukraine",,Aggressive,"Tariffs are far too high, among the highest in the World, obnoxious non-monetary Trade Barriers, done relatively little business","Directly criticizes India's high tariffs and non-monetary trade barriers as obstacles to business, also mentions Russia-India energy trade.",False
2025-07-31_25,"THE AUGUST FIRST DEADLINE IS THE AUGUST FIRST DEADLINE ‚Äî IT STANDS STRONG, AND WILL NOT BE EXTENDED. A BIG DAY FOR AMERICA!!!","July 31, 2025, 10:59 PM",2025-07-31T22:59:00,2025-07-31,@realDonaldTrump,Truth Social,2025-10-18T17:19:31.838141,,0,0,True,85,General,,100%,Aggressive,"AUGUST FIRST DEADLINE, BIG DAY FOR AMERICA","References ""August First Deadline"" which was Trump's widely publicized tariff implementation date, with aggressive tone suggesting major trade policy action",False
2025-08-05_10,"India is not only buying massive amounts of Russian Oil, they are then, for much of the Oil purchased, selling it on the Open Market for big profits. They don‚Äôt care how many people in Ukraine are being killed by the Russian War Machine. Because of this, I will be substantially raising the Tariff paid by India to the USA. Thank you for your attention to this matter!!! President DJT","August 5, 2025, 7:28 PM",2025-08-05T19:28:00,2025-08-05,@realDonaldTrump,Truth Social,2025-10-18T17:21:35.358919,,0,0,True,100,General,"India, Russia, Ukraine",,Aggressive,"raising the Tariff, buying massive amounts of Russian Oil, selling it on the Open Market, substantially raising the Tariff paid by India","Clear tariff announcement targeting India for purchasing Russian oil and reselling it for profit, citing Ukraine war concerns as justification for tariff increase",False
2025-08-08_11,"The reason that The Wall Street Journal Editorial Board is always negative on ‚ÄúTRUMP,‚Äù and the Hundreds of Billions of Dollars we‚Äôre bringing into our Country through Tariffs, numbers that the U.S.A. has never seen before, is because they are China centric or, at a minimum, Globalists, and they would rather see China and the World, for reasons unknown, ‚ÄúWIN, BABY, WIN.‚Äù If the United States were not able to charge Tariffs to other Countries, it would be Economically defenseless and, of no further force or effect. The only thing that can destroy our Country are Crooked, Radical Left Judges, of which there are many!","August 8, 2025, 6:03 PM",2025-08-08T18:03:00,2025-08-08,@realDonaldTrump,Truth Social,2025-10-18T17:21:29.222271,,0,0,True,100,General,China,,Aggressive,"Hundreds of Billions of Dollars through Tariffs, charge Tariffs to other Countries, Economically defenseless, China centric, Globalists","Directly discusses tariffs as revenue source, defends tariff policy against WSJ criticism, mentions bringing in hundreds of billions through tariffs and argues US would be ""economically defenseless"" without ability to charge tariffs to other countries",False
2025-08-08_21,"RECIPROCAL TARIFFS TAKE EFFECT AT MIDNIGHT TONIGHT! BILLIONS OF DOLLARS, LARGELY FROM COUNTRIES THAT HAVE TAKEN ADVANTAGE OF THE UNITED STATES FOR MANY YEARS, LAUGHING ALL THE WAY, WILL START FLOWING INTO THE USA. THE ONLY THING THAT CAN STOP AMERICA‚ÄôS GREATNESS WOULD BE A RADICAL LEFT COURT THAT WANTS TO SEE OUR COUNTRY FAIL!","August 8, 2025, 6:03 PM",2025-08-08T18:03:00,2025-08-08,@realDonaldTrump,Truth Social,2025-10-18T17:21:29.222271,,0,0,True,100,General,,,Aggressive,"Reciprocal tariffs, midnight tonight, billions of dollars, countries taken advantage, flowing into USA","Announcement of reciprocal tariffs taking effect at midnight, targeting countries that have allegedly taken advantage of the US",False
2025-08-30_2,"ALL TARIFFS ARE STILL IN EFFECT! Today a Highly Partisan Appeals Court incorrectly said that our Tariffs should be removed, but they know the United States of America will win in the end. If these Tariffs ever went away, it would be a total disaster for the Country. It would make us financially weak, and we have to be strong. The U.S.A. will no longer tolerate enormous Trade Deficits and unfair Tariffs and Non Tariff Trade Barriers imposed by other Countries, friend or foe, that undermine our Manufacturers, Farmers, and everyone else. If allowed to stand, this Decision would literally destroy the United States of America. At the start of this Labor Day weekend, we should all remember that TARIFFS are the best tool to help our Workers, and support Companies that produce great MADE IN AMERICA products. For many years, Tariffs were allowed to be used against us by our uncaring and unwise Politicians. Now, with the help of the United States Supreme Court, we will use them to the benefit of our Nation, and Make America Rich, Strong, and Powerful Again! Thank you for your attention to this matter.","August 30, 2025, 4:49 PM",2025-08-30T16:49:00,2025-08-30,@realDonaldTrump,Truth Social,2025-10-18T17:20:46.438465,,0,0,True,100,General,,,Aggressive,"ALL TARIFFS ARE STILL IN EFFECT, enormous Trade Deficits, unfair Tariffs, Non Tariff Trade Barriers",Direct statement that all tariffs remain in effect despite appellate court ruling; discusses trade deficits and unfair trade barriers,True
2025-08-30_28,"As the President of the United States, I will stand up to Countries that attack our incredible American Tech Companies. Digital Taxes, Digital Services Legislation, and Digital Markets Regulations are all designed to harm, or discriminate against, American Technology. They also, outrageously, give a complete pass to China's largest Tech Companies. This must end, and end NOW! With this TRUTH, I put all Countries with Digital Taxes, Legislation, Rules, or Regulations, on notice that unless these discriminatory actions are removed, I, as President of the United States, will impose substantial additional Tariffs on that Country's Exports to the U.S.A., and institute Export restrictions on our Highly Protected Technology and Chips. America, and American Technology Companies, are neither the ‚Äúpiggy bank‚Äù nor the ‚Äúdoormat‚Äù of the World any longer. Show respect to America and our amazing Tech Companies or, consider the consequences! Thank you for your attention to this matter.DONALD J. TRUMP, PRESIDENT OF THE UNITED STATES OF AMERICA","August 30, 2025, 4:49 PM",2025-08-30T16:49:00,2025-08-30,@realDonaldTrump,Truth Social,2025-10-18T17:20:46.438465,,0,0,True,85,General,China,,Aggressive,"Digital Taxes, Digital Services Legislation, Digital Markets Regulations, discriminate against American Technology, give a complete pass to China",Threatens action against countries with digital taxes/regulations targeting US tech companies while exempting Chinese companies - trade policy related,True
2025-09-04_10,"What few people understand is that we do very little business with India, but they do a tremendous amount of business with us. In other words, they sell us massive amounts of goods, their biggest ‚Äúclient,‚Äù but we sell them very little - Until now a totally one sided relationship, and it has been for many decades. The reason is that India has charged us, until now, such high Tariffs, the most of any country, that our businesses are unable to sell into India. It has been a totally one sided disaster! Also, India buys most of its oil and military products from Russia, very little from the U.S. They have now offered to cut their Tariffs to nothing, but it‚Äôs getting late. They should have done so years ago. Just some simple facts for people to ponder!!!","September 4, 2025, 12:22 AM",2025-09-04T00:22:00,2025-09-04,@realDonaldTrump,Truth Social,2025-10-18T17:22:20.501146,,0,0,True,100,General,India,high Tariffs,Aggressive,"one sided relationship, high Tariffs, totally one sided disaster, massive amounts of goods, unable to sell into India","Explicitly discusses India charging high tariffs on US goods, creating trade imbalance where India sells massively to US but US cannot sell to India due to tariff barriers",False
2025-09-08_15,"In addition to my previously posted TRUTH concerning Google, please let this Statement serve to represent that Google has also paid, in the past, $13 Billion Dollars in false claims and charges for a total of $16.5 Billion Dollars. How crazy is that? The European Union must stop this practice against American Companies, IMMEDIATELY!","September 8, 2025, 9:43 PM",2025-09-08T21:43:00,2025-09-08,@realDonaldTrump,Truth Social,2025-10-18T17:22:16.272471,,0,0,True,85,EU,European Union,"13 Billion, 16.5 Billion",Aggressive,"false claims and charges, European Union must stop this practice, against American Companies","Tariff-related through trade retaliation context - discusses EU fines against American companies and demands EU stop these practices, which relates to trade disputes",False
2025-09-08_16,"Europe today ‚Äúhit‚Äù another great American company, Google, with a $3.5 Billion Dollar fine, effectively taking money that would otherwise go to American Investments and Jobs. This is on top of the many other Fines and Taxes that have been issued against Google and other American Tech Companies, in particular. Very unfair, and the American Taxpayer will not stand for it! As I have said before, my Administration will NOT allow these discriminatory actions to stand. Apple, as an example, was forced to pay $17 Billion Dollars in a Fine that, in my opinion, should not have been charged ‚Äî They should get their money back! We cannot let this happen to brilliant and unprecedented American Ingenuity and, if it does, I will be forced to start a Section 301 proceeding to nullify the unfair penalties being charged to these Taxpaying American Companies. Thank you for your attention to this matter!DONALD J. TRUMP, PRESIDENT OF THE UNITED STATES OF AMERICA","September 8, 2025, 9:43 PM",2025-09-08T21:43:00,2025-09-08,@realDonaldTrump,Truth Social,2025-10-18T17:22:16.272471,,0,0,True,90,EU,"Europe, American",3.5 Billion,Aggressive,"hit another great American company, Fines and Taxes, Very unfair, discriminatory actions, will NOT allow","Tariff-related - discusses EU fines/taxes on American tech companies, calls them discriminatory, and threatens administration action against these trade practices",False
2025-09-14_6,"A LETTER SENT BY PRESIDENT DONALD J. TRUMP TO ALL NATO NATIONS AND, THE WORLD: ‚ÄúI am ready to do major Sanctions on Russia when all NATO Nations have agreed, and started, to do the same thing, and when all NATO Nations STOP BUYING OIL FROM RUSSIA. As you know, NATO‚ÄôS commitment to WIN has been far less than 100%, and the purchase of Russian Oil, by some, has been shocking! It greatly weakens your negotiating position, and bargaining power, over Russia. Anyway, I am ready to ‚Äúgo‚Äù when you are. Just say when? I believe that this, plus NATO, as a group, placing 50% to 100% TARIFFS ON CHINA, to be fully withdrawn after the WAR with Russia and Ukraine is ended, will also be of great help in ENDING this deadly, but RIDICULOUS, WAR. China has a strong control, and even grip, over Russia, and these powerful Tariffs will break that grip. This is not TRUMP‚ÄôS WAR (it would never have started if I was President!), it is Biden‚Äôs and Zelenskyy‚Äôs WAR. I am only here to help stop it, and save thousands of Russian and Ukrainian lives (7,118 lives lost last week, alone. CRAZY!). If NATO does as I say, the WAR will end quickly, and all of those lives will be saved! If not, you are just wasting my time, and the time, energy, and money of the United States. Thank you for your attention to this matter! DONALD J. TRUMP, PRESIDENT OF THE UNITED STATES OF AMERICA.‚Äù","September 14, 2025, 7:43 PM",2025-09-14T19:43:00,2025-09-14,@realDonaldTrump,Truth Social,2025-10-18T17:22:10.103416,,0,0,True,75,General,"Russia, NATO Nations",,Aggressive,"major Sanctions on Russia, STOP BUYING OIL FROM RUSSIA, purchase of Russian Oil, weakens negotiating position","This post discusses sanctions on Russia and oil purchases by NATO nations. While sanctions are trade-related measures and the post mentions stopping oil purchases (trade restriction), it's primarily focused on geopolitical sanctions rather than traditional tariff policy. However, it qualifies as trade-related content.",False
2025-09-21_9,"We want Venezuela to immediately accept all of the prisoners, and people from mental institutions, which includes the Worst in the World Insane Asylums, that Venezuelan ‚ÄúLeadership‚Äù has forced into the United States of America. Thousands of people have been badly hurt, and even killed, by these ‚ÄúMonsters.‚Äù GET THEM THE HELL OUT OF OUR COUNTRY, RIGHT NOW, OR THE PRICE YOU PAY WILL BE INCALCULABLE!","September 21, 2025, 10:15 PM",2025-09-21T22:15:00,2025-09-21,@realDonaldTrump,Truth Social,2025-10-18T17:21:57.753259,,0,0,True,75,General,Venezuela,,Aggressive,price you pay will be incalculable,"Threatens Venezuela with unspecified economic consequences (likely tariffs) if they don't accept deportees, using phrase ""price you pay"" which is consistent with Trump's tariff threat language",False
2025-09-26_9,"Starting October 1st, 2025, we will be imposing a 100% Tariff on any branded or patented Pharmaceutical Product, unless a Company IS BUILDING their Pharmaceutical Manufacturing Plant in America. ‚ÄúIS BUILDING‚Äù will be defined as, ‚Äúbreaking ground‚Äù and/or ‚Äúunder construction.‚Äù There will, therefore, be no Tariff on these Pharmaceutical Products if construction has started. Thank you for your attention to this matter!","September 26, 2025, 5:38 PM",2025-09-26T17:38:00,2025-09-26,@realDonaldTrump,Truth Social,2025-10-18T17:21:51.512198,,0,0,True,100,General,,100%,Aggressive,"100% Tariff, Pharmaceutical Product, Manufacturing Plant in America, breaking ground, under construction","Announces 100% tariff on pharmaceutical products unless companies are building manufacturing plants in America, starting October 1st, 2025",True
2025-09-26_10,"We will be imposing a 50% Tariff on all Kitchen Cabinets, Bathroom Vanities, and associated products, starting October 1st, 2025. Additionally, we will be charging a 30% Tariff on Upholstered Furniture. The reason for this is the large scale ‚ÄúFLOODING‚Äù of these products into the United States by other outside Countries. It is a very unfair practice, but we must protect, for National Security and other reasons, our Manufacturing process. Thank you for your attention to this matter!","September 26, 2025, 5:38 PM",2025-09-26T17:38:00,2025-09-26,@realDonaldTrump,Truth Social,2025-10-18T17:21:51.512198,,0,0,True,100,General,,"50%,30%",Aggressive,"50% Tariff, 30% Tariff, Kitchen Cabinets, Bathroom Vanities, Upholstered Furniture, FLOODING, unfair practice, protect Manufacturing","Announces 50% tariff on kitchen cabinets and bathroom vanities, and 30% tariff on upholstered furniture to combat flooding of products from other countries, starting October 1st, 2025",True
2025-09-30_4,"In order to make North Carolina, which has completely lost its furniture business to China, and other Countries, GREAT again, I will be imposing substantial Tariffs on any Country that does not make its furniture in the United States. Details to follow!!! President DJT","September 30, 2025, 8:30 PM",2025-09-30T20:30:00,2025-09-30,@realDonaldTrump,Truth Social,2025-10-18T17:21:45.393460,,0,0,True,100,General,"China, North Carolina",None,Aggressive,"substantial Tariffs, furniture business, lost to China, other Countries",Clear tariff threat to protect North Carolina furniture industry from Chinese and other foreign competition,True
2025-09-30_5,"Our movie making business has been stolen from the United States of America, by other Countries, just like stealing ‚Äúcandy from a baby.‚Äù California, with its weak and incompetent Governor, has been particularly hard hit! Therefore, in order to solve this long time, never ending problem, I will be imposing a 100% Tariff on any and all movies that are made outside of the United States. Thank you for your attention to this matter. MAKE AMERICA GREAT AGAIN! President DJT","September 30, 2025, 8:30 PM",2025-09-30T20:30:00,2025-09-30,@realDonaldTrump,Truth Social,2025-10-18T17:21:45.393460,,0,0,True,100,General,California,100%,Aggressive,"100% Tariff, movies made outside United States, stolen from USA",Explicit 100% tariff announcement on foreign-made films to protect US movie industry,True
2025-10-13_10,"It has just been learned that China has taken an extraordinarily aggressive position on Trade in sending an extremely hostile letter to the World, stating that they were going to, effective November 1st, 2025, impose large scale Export Controls on virtually every product they make, and some not even made by them. This affects ALL Countries, without exception, and was obviously a plan devised by them years ago. It is absolutely unheard of in International Trade, and a moral disgrace in dealing with other Nations.Based on the fact that China has taken this unprecedented position, and speaking only for the U.S.A., and not other Nations who were similarly threatened, starting November 1st, 2025 (or sooner, depending on any further actions or changes taken by China), the United States of America will impose a Tariff of 100% on China, over and above any Tariff that they are currently paying. Also on November 1st, we will impose Export Controls on any and all critical software.It is impossible to believe that China would have taken such an action, but they have, and the rest is History. Thank you for your attention to this matter!DONALD J. TRUMPPRESIDENT OF THE UNITED STATES OF AMERICA","October 13, 2025, 11:31 AM",2025-10-13T11:31:00,2025-10-13,@realDonaldTrump,Truth Social,2025-10-18T17:22:32.196219,,0,0,True,100,China,China,0,Aggressive,"Export Controls, hostile letter, large scale, International Trade, moral disgrace, November 1st 2025",Directly discusses China imposing export controls on products affecting all countries - this is a trade restriction measure equivalent to tariffs,True
2025-10-13_11,"Some very strange things are happening in China! They are becoming very hostile, and sending letters to Countries throughout the World, that they want to impose Export Controls on each and every element of production having to do with Rare Earths, and virtually anything else they can think of, even if it‚Äôs not manufactured in China. Nobody has ever seen anything like this but, essentially, it would ‚Äúclog‚Äù the Markets, and make life difficult for virtually every Country in the World, especially for China. We have been contacted by other Countries who are extremely angry at this great Trade hostility, which came out of nowhere. Our relationship with China over the past six months has been a very good one, thereby making this move on Trade an even more surprising one. I have always felt that they‚Äôve been lying in wait, and now, as usual, I have been proven right! There is no way that China should be allowed to hold the World ‚Äúcaptive,‚Äù but that seems to have been their plan for quite some time, starting with the ‚ÄúMagnets‚Äù and, other Elements that they have quietly amassed into somewhat of a Monopoly position, a rather sinister and hostile move, to say the least. But the U.S. has Monopoly positions also, much stronger and more far reaching than China‚Äôs. I have just not chosen to use them, there was never a reason for me to do so ‚Äî UNTIL NOW! The letter they sent is many pages long, and details, with great specificity, each and every Element that they want to withhold from other Nations. Things that were routine are no longer routine at all. I have not spoken to President Xi because there was no reason to do so. This was a real surprise, not only to me, but to all the Leaders of the Free World. I was to meet President Xi in two weeks, at APEC, in South Korea, but now there seems to be no reason to do so. The Chinese letters were especially inappropriate in that this was the Day that, after three thousand years of bedlam and fighting, there is PEACE IN THE MIDDLE EAST. I wonder if that timing was coincidental? Dependent on what China says about the hostile ‚Äúorder‚Äù that they have just put out, I will be forced, as President of the United States of America, to financially counter their move. For every Element that they have been able to monopolize, we have two. I never thought it would come to this but perhaps, as with all things, the time has come. Ultimately, though potentially painful, it will be a very good thing, in the end, for the U.S.A. One of the Policies that we are calculating at this moment is a massive increase of Tariffs on Chinese products coming into the United States of America. There are many other countermeasures that are, likewise, under serious consideration. Thank you for your attention to this matter! DONALD J. TRUMP, PRESIDENT OF THE UNITED STATES OF AMERICA","October 13, 2025, 11:31 AM",2025-10-13T11:31:00,2025-10-13,@realDonaldTrump,Truth Social,2025-10-18T17:22:32.196219,,0,0,True,100,China,China,,Aggressive,"Export Controls, Rare Earths, hostile, clog the Markets, production",Discusses China's export controls on rare earths and production elements - trade restriction measures affecting international commerce,True
2025-10-18_12,"I am outraged that the International Maritime Organization is voting in London this week to pass a global Carbon Tax. The United States will NOT stand for this Global Green New Scam Tax on Shipping, and will not adhere to it in any way, shape, or form. We will not tolerate increased prices on American Consumers OR, the creation of a Green New Scam Bureaucracy to spend YOUR money on their Green dreams. Stand with the United States, and vote NO in London tomorrow!","October 18, 2025, 6:57 PM",2025-10-18T18:57:00,2025-10-18,@realDonaldTrump,Truth Social,2025-10-18T17:22:26.093697,,0,0,True,85,General,,Carbon Tax on shipping,Aggressive,"global Carbon Tax, Green New Scam Tax on Shipping, increased prices on American Consumers, will not adhere",References international tax on shipping that would affect trade and consumer prices - related to trade policy though not traditional tariffs,False
2025-10-18_29,"I believe that China purposefully not buying our Soybeans, and causing difficulty for our Soybean Farmers, is an Economically Hostile Act. We are considering terminating business with China having to do with Cooking Oil, and other elements of Trade, as retribution. As an example, we can easily produce Cooking Oil ourselves, we don‚Äôt need to purchase it from China.","October 18, 2025, 6:57 PM",2025-10-18T18:57:00,2025-10-18,@realDonaldTrump,Truth Social,2025-10-18T17:22:26.093697,,0,0,True,100,China,China,,Aggressive,"not buying our Soybeans, Economically Hostile Act, terminating business with China, retribution, elements of Trade",Clear tariff/trade content discussing China's soybean purchases and threatening to terminate trade in cooking oil as retaliation,False
